,ds,timeframe,y
0,2020-03-20 00:00:00,Historical Data,57.0
1,2020-03-20 01:00:00,Historical Data,35.0
2,2020-03-20 02:00:00,Historical Data,29.0
3,2020-03-20 03:00:00,Historical Data,27.0
4,2020-03-20 04:00:00,Historical Data,27.0
5,2020-03-20 05:00:00,Historical Data,82.0
6,2020-03-20 06:00:00,Historical Data,113.0
7,2020-03-20 07:00:00,Historical Data,196.0
8,2020-03-20 08:00:00,Historical Data,239.0
9,2020-03-20 09:00:00,Historical Data,290.0
10,2020-03-20 10:00:00,Historical Data,309.0
11,2020-03-20 11:00:00,Historical Data,295.0
12,2020-03-20 12:00:00,Historical Data,316.0
13,2020-03-20 13:00:00,Historical Data,341.0
14,2020-03-20 14:00:00,Historical Data,353.0
15,2020-03-20 15:00:00,Historical Data,399.0
16,2020-03-20 16:00:00,Historical Data,418.0
17,2020-03-20 17:00:00,Historical Data,406.0
18,2020-03-20 18:00:00,Historical Data,324.0
19,2020-03-20 19:00:00,Historical Data,258.0
20,2020-03-20 20:00:00,Historical Data,201.0
21,2020-03-20 21:00:00,Historical Data,173.0
22,2020-03-20 22:00:00,Historical Data,127.0
23,2020-03-20 23:00:00,Historical Data,108.0
24,2020-03-21 00:00:00,Historical Data,67.0
25,2020-03-21 01:00:00,Historical Data,47.0
26,2020-03-21 02:00:00,Historical Data,23.0
27,2020-03-21 03:00:00,Historical Data,25.0
28,2020-03-21 04:00:00,Historical Data,43.0
29,2020-03-21 05:00:00,Historical Data,55.0
30,2020-03-21 06:00:00,Historical Data,62.0
31,2020-03-21 07:00:00,Historical Data,82.0
32,2020-03-21 08:00:00,Historical Data,117.0
33,2020-03-21 09:00:00,Historical Data,129.0
34,2020-03-21 10:00:00,Historical Data,205.0
35,2020-03-21 11:00:00,Historical Data,200.0
36,2020-03-21 12:00:00,Historical Data,213.0
37,2020-03-21 13:00:00,Historical Data,174.0
38,2020-03-21 14:00:00,Historical Data,223.0
39,2020-03-21 15:00:00,Historical Data,203.0
40,2020-03-21 16:00:00,Historical Data,192.0
41,2020-03-21 17:00:00,Historical Data,177.0
42,2020-03-21 18:00:00,Historical Data,146.0
43,2020-03-21 19:00:00,Historical Data,116.0
44,2020-03-21 20:00:00,Historical Data,125.0
45,2020-03-21 21:00:00,Historical Data,111.0
46,2020-03-21 22:00:00,Historical Data,89.0
47,2020-03-21 23:00:00,Historical Data,59.0
48,2020-03-22 00:00:00,Historical Data,56.0
49,2020-03-22 01:00:00,Historical Data,44.0
50,2020-03-22 02:00:00,Historical Data,24.0
51,2020-03-22 03:00:00,Historical Data,16.0
52,2020-03-22 04:00:00,Historical Data,15.0
53,2020-03-22 05:00:00,Historical Data,26.0
54,2020-03-22 06:00:00,Historical Data,34.0
55,2020-03-22 07:00:00,Historical Data,53.0
56,2020-03-22 08:00:00,Historical Data,37.0
57,2020-03-22 09:00:00,Historical Data,65.0
58,2020-03-22 10:00:00,Historical Data,70.0
59,2020-03-22 11:00:00,Historical Data,97.0
60,2020-03-22 12:00:00,Historical Data,84.0
61,2020-03-22 13:00:00,Historical Data,78.0
62,2020-03-22 14:00:00,Historical Data,112.0
63,2020-03-22 15:00:00,Historical Data,101.0
64,2020-03-22 16:00:00,Historical Data,99.0
65,2020-03-22 17:00:00,Historical Data,95.0
66,2020-03-22 18:00:00,Historical Data,92.0
67,2020-03-22 19:00:00,Historical Data,77.0
68,2020-03-22 20:00:00,Historical Data,77.0
69,2020-03-22 21:00:00,Historical Data,64.0
70,2020-03-22 22:00:00,Historical Data,73.0
71,2020-03-22 23:00:00,Historical Data,54.0
72,2020-03-23 00:00:00,Historical Data,51.0
73,2020-03-23 01:00:00,Historical Data,27.0
74,2020-03-23 02:00:00,Historical Data,18.0
75,2020-03-23 03:00:00,Historical Data,19.0
76,2020-03-23 04:00:00,Historical Data,39.0
77,2020-03-23 05:00:00,Historical Data,59.0
78,2020-03-23 06:00:00,Historical Data,64.0
79,2020-03-23 07:00:00,Historical Data,119.0
80,2020-03-23 08:00:00,Historical Data,139.0
81,2020-03-23 09:00:00,Historical Data,143.0
82,2020-03-23 10:00:00,Historical Data,174.0
83,2020-03-23 11:00:00,Historical Data,167.0
84,2020-03-23 12:00:00,Historical Data,166.0
85,2020-03-23 13:00:00,Historical Data,193.0
86,2020-03-23 14:00:00,Historical Data,177.0
87,2020-03-23 15:00:00,Historical Data,198.0
88,2020-03-23 16:00:00,Historical Data,193.0
89,2020-03-23 17:00:00,Historical Data,167.0
90,2020-03-23 18:00:00,Historical Data,126.0
91,2020-03-23 19:00:00,Historical Data,116.0
92,2020-03-23 20:00:00,Historical Data,97.0
93,2020-03-23 21:00:00,Historical Data,69.0
94,2020-03-23 22:00:00,Historical Data,57.0
95,2020-03-23 23:00:00,Historical Data,58.0
96,2020-03-24 00:00:00,Historical Data,38.0
97,2020-03-24 01:00:00,Historical Data,25.0
98,2020-03-24 02:00:00,Historical Data,16.0
99,2020-03-24 03:00:00,Historical Data,19.0
100,2020-03-24 04:00:00,Historical Data,29.0
101,2020-03-24 05:00:00,Historical Data,54.0
102,2020-03-24 06:00:00,Historical Data,80.0
103,2020-03-24 07:00:00,Historical Data,93.0
104,2020-03-24 08:00:00,Historical Data,134.0
105,2020-03-24 09:00:00,Historical Data,135.0
106,2020-03-24 10:00:00,Historical Data,163.0
107,2020-03-24 11:00:00,Historical Data,165.0
108,2020-03-24 12:00:00,Historical Data,162.0
109,2020-03-24 13:00:00,Historical Data,171.0
110,2020-03-24 14:00:00,Historical Data,197.0
111,2020-03-24 15:00:00,Historical Data,195.0
112,2020-03-24 16:00:00,Historical Data,171.0
113,2020-03-24 17:00:00,Historical Data,148.0
114,2020-03-24 18:00:00,Historical Data,124.0
115,2020-03-24 19:00:00,Historical Data,109.0
116,2020-03-24 20:00:00,Historical Data,78.0
117,2020-03-24 21:00:00,Historical Data,52.0
118,2020-03-24 22:00:00,Historical Data,51.0
119,2020-03-24 23:00:00,Historical Data,40.0
120,2020-03-25 00:00:00,Historical Data,29.0
121,2020-03-25 01:00:00,Historical Data,33.0
122,2020-03-25 02:00:00,Historical Data,23.0
123,2020-03-25 03:00:00,Historical Data,20.0
124,2020-03-25 04:00:00,Historical Data,32.0
125,2020-03-25 05:00:00,Historical Data,47.0
126,2020-03-25 06:00:00,Historical Data,64.0
127,2020-03-25 07:00:00,Historical Data,104.0
128,2020-03-25 08:00:00,Historical Data,122.0
129,2020-03-25 09:00:00,Historical Data,128.0
130,2020-03-25 10:00:00,Historical Data,157.0
131,2020-03-25 11:00:00,Historical Data,138.0
132,2020-03-25 12:00:00,Historical Data,158.0
133,2020-03-25 13:00:00,Historical Data,163.0
134,2020-03-25 14:00:00,Historical Data,188.0
135,2020-03-25 15:00:00,Historical Data,192.0
136,2020-03-25 16:00:00,Historical Data,172.0
137,2020-03-25 17:00:00,Historical Data,151.0
138,2020-03-25 18:00:00,Historical Data,138.0
139,2020-03-25 19:00:00,Historical Data,93.0
140,2020-03-25 20:00:00,Historical Data,77.0
141,2020-03-25 21:00:00,Historical Data,62.0
142,2020-03-25 22:00:00,Historical Data,46.0
143,2020-03-25 23:00:00,Historical Data,45.0
144,2020-03-26 00:00:00,Historical Data,41.0
145,2020-03-26 01:00:00,Historical Data,23.0
146,2020-03-26 02:00:00,Historical Data,15.0
147,2020-03-26 03:00:00,Historical Data,18.0
148,2020-03-26 04:00:00,Historical Data,34.0
149,2020-03-26 05:00:00,Historical Data,40.0
150,2020-03-26 06:00:00,Historical Data,59.0
151,2020-03-26 07:00:00,Historical Data,104.0
152,2020-03-26 08:00:00,Historical Data,139.0
153,2020-03-26 09:00:00,Historical Data,144.0
154,2020-03-26 10:00:00,Historical Data,174.0
155,2020-03-26 11:00:00,Historical Data,143.0
156,2020-03-26 12:00:00,Historical Data,156.0
157,2020-03-26 13:00:00,Historical Data,168.0
158,2020-03-26 14:00:00,Historical Data,202.0
159,2020-03-26 15:00:00,Historical Data,207.0
160,2020-03-26 16:00:00,Historical Data,180.0
161,2020-03-26 17:00:00,Historical Data,189.0
162,2020-03-26 18:00:00,Historical Data,135.0
163,2020-03-26 19:00:00,Historical Data,98.0
164,2020-03-26 20:00:00,Historical Data,78.0
165,2020-03-26 21:00:00,Historical Data,52.0
166,2020-03-26 22:00:00,Historical Data,39.0
167,2020-03-26 23:00:00,Historical Data,52.0
168,2020-03-27 00:00:00,Historical Data,48.0
169,2020-03-27 01:00:00,Historical Data,29.0
170,2020-03-27 02:00:00,Historical Data,23.0
171,2020-03-27 03:00:00,Historical Data,20.0
172,2020-03-27 04:00:00,Historical Data,32.0
173,2020-03-27 05:00:00,Historical Data,42.0
174,2020-03-27 06:00:00,Historical Data,75.0
175,2020-03-27 07:00:00,Historical Data,93.0
176,2020-03-27 08:00:00,Historical Data,134.0
177,2020-03-27 09:00:00,Historical Data,134.0
178,2020-03-27 10:00:00,Historical Data,168.0
179,2020-03-27 11:00:00,Historical Data,165.0
180,2020-03-27 12:00:00,Historical Data,145.0
181,2020-03-27 13:00:00,Historical Data,169.0
182,2020-03-27 14:00:00,Historical Data,177.0
183,2020-03-27 15:00:00,Historical Data,179.0
184,2020-03-27 16:00:00,Historical Data,211.0
185,2020-03-27 17:00:00,Historical Data,190.0
186,2020-03-27 18:00:00,Historical Data,132.0
187,2020-03-27 19:00:00,Historical Data,106.0
188,2020-03-27 20:00:00,Historical Data,84.0
189,2020-03-27 21:00:00,Historical Data,63.0
190,2020-03-27 22:00:00,Historical Data,60.0
191,2020-03-27 23:00:00,Historical Data,58.0
192,2020-03-28 00:00:00,Historical Data,40.0
193,2020-03-28 01:00:00,Historical Data,40.0
194,2020-03-28 02:00:00,Historical Data,20.0
195,2020-03-28 03:00:00,Historical Data,18.0
196,2020-03-28 04:00:00,Historical Data,25.0
197,2020-03-28 05:00:00,Historical Data,30.0
198,2020-03-28 06:00:00,Historical Data,50.0
199,2020-03-28 07:00:00,Historical Data,47.0
200,2020-03-28 08:00:00,Historical Data,55.0
201,2020-03-28 09:00:00,Historical Data,71.0
202,2020-03-28 10:00:00,Historical Data,99.0
203,2020-03-28 11:00:00,Historical Data,99.0
204,2020-03-28 12:00:00,Historical Data,99.0
205,2020-03-28 13:00:00,Historical Data,102.0
206,2020-03-28 14:00:00,Historical Data,112.0
207,2020-03-28 15:00:00,Historical Data,115.0
208,2020-03-28 16:00:00,Historical Data,107.0
209,2020-03-28 17:00:00,Historical Data,103.0
210,2020-03-28 18:00:00,Historical Data,75.0
211,2020-03-28 19:00:00,Historical Data,49.0
212,2020-03-28 20:00:00,Historical Data,76.0
213,2020-03-28 21:00:00,Historical Data,68.0
214,2020-03-28 22:00:00,Historical Data,61.0
215,2020-03-28 23:00:00,Historical Data,45.0
216,2020-03-29 00:00:00,Historical Data,30.0
217,2020-03-29 01:00:00,Historical Data,15.0
218,2020-03-29 02:00:00,Historical Data,14.0
219,2020-03-29 03:00:00,Historical Data,16.0
220,2020-03-29 04:00:00,Historical Data,18.0
221,2020-03-29 05:00:00,Historical Data,24.0
222,2020-03-29 06:00:00,Historical Data,33.0
223,2020-03-29 07:00:00,Historical Data,45.0
224,2020-03-29 08:00:00,Historical Data,50.0
225,2020-03-29 09:00:00,Historical Data,56.0
226,2020-03-29 10:00:00,Historical Data,68.0
227,2020-03-29 11:00:00,Historical Data,74.0
228,2020-03-29 12:00:00,Historical Data,66.0
229,2020-03-29 13:00:00,Historical Data,75.0
230,2020-03-29 14:00:00,Historical Data,78.0
231,2020-03-29 15:00:00,Historical Data,88.0
232,2020-03-29 16:00:00,Historical Data,82.0
233,2020-03-29 17:00:00,Historical Data,69.0
234,2020-03-29 18:00:00,Historical Data,62.0
235,2020-03-29 19:00:00,Historical Data,53.0
236,2020-03-29 20:00:00,Historical Data,70.0
237,2020-03-29 21:00:00,Historical Data,57.0
238,2020-03-29 22:00:00,Historical Data,42.0
239,2020-03-29 23:00:00,Historical Data,41.0
240,2020-03-30 00:00:00,Historical Data,32.0
241,2020-03-30 01:00:00,Historical Data,18.0
242,2020-03-30 02:00:00,Historical Data,21.0
243,2020-03-30 03:00:00,Historical Data,19.0
244,2020-03-30 04:00:00,Historical Data,34.0
245,2020-03-30 05:00:00,Historical Data,44.0
246,2020-03-30 06:00:00,Historical Data,63.0
247,2020-03-30 07:00:00,Historical Data,82.0
248,2020-03-30 08:00:00,Historical Data,112.0
249,2020-03-30 09:00:00,Historical Data,127.0
250,2020-03-30 10:00:00,Historical Data,163.0
251,2020-03-30 11:00:00,Historical Data,159.0
252,2020-03-30 12:00:00,Historical Data,167.0
253,2020-03-30 13:00:00,Historical Data,177.0
254,2020-03-30 14:00:00,Historical Data,181.0
255,2020-03-30 15:00:00,Historical Data,173.0
256,2020-03-30 16:00:00,Historical Data,186.0
257,2020-03-30 17:00:00,Historical Data,145.0
258,2020-03-30 18:00:00,Historical Data,107.0
259,2020-03-30 19:00:00,Historical Data,73.0
260,2020-03-30 20:00:00,Historical Data,83.0
261,2020-03-30 21:00:00,Historical Data,57.0
262,2020-03-30 22:00:00,Historical Data,51.0
263,2020-03-30 23:00:00,Historical Data,39.0
264,2020-03-31 00:00:00,Historical Data,35.0
265,2020-03-31 01:00:00,Historical Data,18.0
266,2020-03-31 02:00:00,Historical Data,14.0
267,2020-03-31 03:00:00,Historical Data,14.0
268,2020-03-31 04:00:00,Historical Data,21.0
269,2020-03-31 05:00:00,Historical Data,31.0
270,2020-03-31 06:00:00,Historical Data,52.0
271,2020-03-31 07:00:00,Historical Data,80.0
272,2020-03-31 08:00:00,Historical Data,120.0
273,2020-03-31 09:00:00,Historical Data,113.0
274,2020-03-31 10:00:00,Historical Data,143.0
275,2020-03-31 11:00:00,Historical Data,139.0
276,2020-03-31 12:00:00,Historical Data,139.0
277,2020-03-31 13:00:00,Historical Data,143.0
278,2020-03-31 14:00:00,Historical Data,149.0
279,2020-03-31 15:00:00,Historical Data,146.0
280,2020-03-31 16:00:00,Historical Data,172.0
281,2020-03-31 17:00:00,Historical Data,149.0
282,2020-03-31 18:00:00,Historical Data,104.0
283,2020-03-31 19:00:00,Historical Data,81.0
284,2020-03-31 20:00:00,Historical Data,90.0
285,2020-03-31 21:00:00,Historical Data,63.0
286,2020-03-31 22:00:00,Historical Data,54.0
287,2020-03-31 23:00:00,Historical Data,55.0
288,2020-04-01 00:00:00,Historical Data,36.0
289,2020-04-01 01:00:00,Historical Data,25.0
290,2020-04-01 02:00:00,Historical Data,14.0
291,2020-04-01 03:00:00,Historical Data,18.0
292,2020-04-01 04:00:00,Historical Data,29.0
293,2020-04-01 05:00:00,Historical Data,47.0
294,2020-04-01 06:00:00,Historical Data,68.0
295,2020-04-01 07:00:00,Historical Data,84.0
296,2020-04-01 08:00:00,Historical Data,120.0
297,2020-04-01 09:00:00,Historical Data,158.0
298,2020-04-01 10:00:00,Historical Data,163.0
299,2020-04-01 11:00:00,Historical Data,173.0
300,2020-04-01 12:00:00,Historical Data,198.0
301,2020-04-01 13:00:00,Historical Data,177.0
302,2020-04-01 14:00:00,Historical Data,176.0
303,2020-04-01 15:00:00,Historical Data,204.0
304,2020-04-01 16:00:00,Historical Data,163.0
305,2020-04-01 17:00:00,Historical Data,167.0
306,2020-04-01 18:00:00,Historical Data,122.0
307,2020-04-01 19:00:00,Historical Data,86.0
308,2020-04-01 20:00:00,Historical Data,81.0
309,2020-04-01 21:00:00,Historical Data,58.0
310,2020-04-01 22:00:00,Historical Data,60.0
311,2020-04-01 23:00:00,Historical Data,40.0
312,2020-04-02 00:00:00,Historical Data,37.0
313,2020-04-02 01:00:00,Historical Data,21.0
314,2020-04-02 02:00:00,Historical Data,8.0
315,2020-04-02 03:00:00,Historical Data,22.0
316,2020-04-02 04:00:00,Historical Data,27.0
317,2020-04-02 05:00:00,Historical Data,39.0
318,2020-04-02 06:00:00,Historical Data,64.0
319,2020-04-02 07:00:00,Historical Data,76.0
320,2020-04-02 08:00:00,Historical Data,106.0
321,2020-04-02 09:00:00,Historical Data,130.0
322,2020-04-02 10:00:00,Historical Data,136.0
323,2020-04-02 11:00:00,Historical Data,145.0
324,2020-04-02 12:00:00,Historical Data,166.0
325,2020-04-02 13:00:00,Historical Data,167.0
326,2020-04-02 14:00:00,Historical Data,177.0
327,2020-04-02 15:00:00,Historical Data,175.0
328,2020-04-02 16:00:00,Historical Data,131.0
329,2020-04-02 17:00:00,Historical Data,156.0
330,2020-04-02 18:00:00,Historical Data,143.0
331,2020-04-02 19:00:00,Historical Data,94.0
332,2020-04-02 20:00:00,Historical Data,76.0
333,2020-04-02 21:00:00,Historical Data,62.0
334,2020-04-02 22:00:00,Historical Data,42.0
335,2020-04-02 23:00:00,Historical Data,46.0
336,2020-04-03 00:00:00,Historical Data,37.0
337,2020-04-03 01:00:00,Historical Data,25.0
338,2020-04-03 02:00:00,Historical Data,20.0
339,2020-04-03 03:00:00,Historical Data,22.0
340,2020-04-03 04:00:00,Historical Data,23.0
341,2020-04-03 05:00:00,Historical Data,33.0
342,2020-04-03 06:00:00,Historical Data,62.0
343,2020-04-03 07:00:00,Historical Data,88.0
344,2020-04-03 08:00:00,Historical Data,120.0
345,2020-04-03 09:00:00,Historical Data,129.0
346,2020-04-03 10:00:00,Historical Data,176.0
347,2020-04-03 11:00:00,Historical Data,198.0
348,2020-04-03 12:00:00,Historical Data,164.0
349,2020-04-03 13:00:00,Historical Data,194.0
350,2020-04-03 14:00:00,Historical Data,202.0
351,2020-04-03 15:00:00,Historical Data,212.0
352,2020-04-03 16:00:00,Historical Data,176.0
353,2020-04-03 17:00:00,Historical Data,169.0
354,2020-04-03 18:00:00,Historical Data,132.0
355,2020-04-03 19:00:00,Historical Data,121.0
356,2020-04-03 20:00:00,Historical Data,89.0
357,2020-04-03 21:00:00,Historical Data,52.0
358,2020-04-03 22:00:00,Historical Data,55.0
359,2020-04-03 23:00:00,Historical Data,60.0
360,2020-04-04 00:00:00,Historical Data,45.0
361,2020-04-04 01:00:00,Historical Data,28.0
362,2020-04-04 02:00:00,Historical Data,12.0
363,2020-04-04 03:00:00,Historical Data,8.0
364,2020-04-04 04:00:00,Historical Data,24.0
365,2020-04-04 05:00:00,Historical Data,27.0
366,2020-04-04 06:00:00,Historical Data,47.0
367,2020-04-04 07:00:00,Historical Data,50.0
368,2020-04-04 08:00:00,Historical Data,61.0
369,2020-04-04 09:00:00,Historical Data,82.0
370,2020-04-04 10:00:00,Historical Data,122.0
371,2020-04-04 11:00:00,Historical Data,134.0
372,2020-04-04 12:00:00,Historical Data,127.0
373,2020-04-04 13:00:00,Historical Data,127.0
374,2020-04-04 14:00:00,Historical Data,126.0
375,2020-04-04 15:00:00,Historical Data,133.0
376,2020-04-04 16:00:00,Historical Data,114.0
377,2020-04-04 17:00:00,Historical Data,96.0
378,2020-04-04 18:00:00,Historical Data,83.0
379,2020-04-04 19:00:00,Historical Data,63.0
380,2020-04-04 20:00:00,Historical Data,61.0
381,2020-04-04 21:00:00,Historical Data,68.0
382,2020-04-04 22:00:00,Historical Data,60.0
383,2020-04-04 23:00:00,Historical Data,47.0
384,2020-04-05 00:00:00,Historical Data,32.0
385,2020-04-05 01:00:00,Historical Data,23.0
386,2020-04-05 02:00:00,Historical Data,15.0
387,2020-04-05 03:00:00,Historical Data,11.0
388,2020-04-05 04:00:00,Historical Data,13.0
389,2020-04-05 05:00:00,Historical Data,14.0
390,2020-04-05 06:00:00,Historical Data,28.0
391,2020-04-05 07:00:00,Historical Data,41.0
392,2020-04-05 08:00:00,Historical Data,62.0
393,2020-04-05 09:00:00,Historical Data,59.0
394,2020-04-05 10:00:00,Historical Data,63.0
395,2020-04-05 11:00:00,Historical Data,72.0
396,2020-04-05 12:00:00,Historical Data,67.0
397,2020-04-05 13:00:00,Historical Data,62.0
398,2020-04-05 14:00:00,Historical Data,92.0
399,2020-04-05 15:00:00,Historical Data,90.0
400,2020-04-05 16:00:00,Historical Data,112.0
401,2020-04-05 17:00:00,Historical Data,71.0
402,2020-04-05 18:00:00,Historical Data,63.0
403,2020-04-05 19:00:00,Historical Data,59.0
404,2020-04-05 20:00:00,Historical Data,64.0
405,2020-04-05 21:00:00,Historical Data,50.0
406,2020-04-05 22:00:00,Historical Data,48.0
407,2020-04-05 23:00:00,Historical Data,59.0
408,2020-04-06 00:00:00,Historical Data,37.0
409,2020-04-06 01:00:00,Historical Data,30.0
410,2020-04-06 02:00:00,Historical Data,10.0
411,2020-04-06 03:00:00,Historical Data,20.0
412,2020-04-06 04:00:00,Historical Data,31.0
413,2020-04-06 05:00:00,Historical Data,39.0
414,2020-04-06 06:00:00,Historical Data,54.0
415,2020-04-06 07:00:00,Historical Data,94.0
416,2020-04-06 08:00:00,Historical Data,98.0
417,2020-04-06 09:00:00,Historical Data,110.0
418,2020-04-06 10:00:00,Historical Data,144.0
419,2020-04-06 11:00:00,Historical Data,165.0
420,2020-04-06 12:00:00,Historical Data,151.0
421,2020-04-06 13:00:00,Historical Data,142.0
422,2020-04-06 14:00:00,Historical Data,161.0
423,2020-04-06 15:00:00,Historical Data,178.0
424,2020-04-06 16:00:00,Historical Data,148.0
425,2020-04-06 17:00:00,Historical Data,143.0
426,2020-04-06 18:00:00,Historical Data,105.0
427,2020-04-06 19:00:00,Historical Data,84.0
428,2020-04-06 20:00:00,Historical Data,61.0
429,2020-04-06 21:00:00,Historical Data,56.0
430,2020-04-06 22:00:00,Historical Data,47.0
431,2020-04-06 23:00:00,Historical Data,63.0
432,2020-04-07 00:00:00,Historical Data,35.0
433,2020-04-07 01:00:00,Historical Data,13.0
434,2020-04-07 02:00:00,Historical Data,19.0
435,2020-04-07 03:00:00,Historical Data,14.0
436,2020-04-07 04:00:00,Historical Data,24.0
437,2020-04-07 05:00:00,Historical Data,34.0
438,2020-04-07 06:00:00,Historical Data,58.0
439,2020-04-07 07:00:00,Historical Data,73.0
440,2020-04-07 08:00:00,Historical Data,117.0
441,2020-04-07 09:00:00,Historical Data,132.0
442,2020-04-07 10:00:00,Historical Data,135.0
443,2020-04-07 11:00:00,Historical Data,141.0
444,2020-04-07 12:00:00,Historical Data,121.0
445,2020-04-07 13:00:00,Historical Data,156.0
446,2020-04-07 14:00:00,Historical Data,148.0
447,2020-04-07 15:00:00,Historical Data,136.0
448,2020-04-07 16:00:00,Historical Data,144.0
449,2020-04-07 17:00:00,Historical Data,137.0
450,2020-04-07 18:00:00,Historical Data,94.0
451,2020-04-07 19:00:00,Historical Data,80.0
452,2020-04-07 20:00:00,Historical Data,60.0
453,2020-04-07 21:00:00,Historical Data,47.0
454,2020-04-07 22:00:00,Historical Data,59.0
455,2020-04-07 23:00:00,Historical Data,32.0
456,2020-04-08 00:00:00,Historical Data,32.0
457,2020-04-08 01:00:00,Historical Data,24.0
458,2020-04-08 02:00:00,Historical Data,10.0
459,2020-04-08 03:00:00,Historical Data,18.0
460,2020-04-08 04:00:00,Historical Data,26.0
461,2020-04-08 05:00:00,Historical Data,46.0
462,2020-04-08 06:00:00,Historical Data,58.0
463,2020-04-08 07:00:00,Historical Data,76.0
464,2020-04-08 08:00:00,Historical Data,109.0
465,2020-04-08 09:00:00,Historical Data,123.0
466,2020-04-08 10:00:00,Historical Data,138.0
467,2020-04-08 11:00:00,Historical Data,130.0
468,2020-04-08 12:00:00,Historical Data,165.0
469,2020-04-08 13:00:00,Historical Data,156.0
470,2020-04-08 14:00:00,Historical Data,151.0
471,2020-04-08 15:00:00,Historical Data,146.0
472,2020-04-08 16:00:00,Historical Data,136.0
473,2020-04-08 17:00:00,Historical Data,153.0
474,2020-04-08 18:00:00,Historical Data,111.0
475,2020-04-08 19:00:00,Historical Data,83.0
476,2020-04-08 20:00:00,Historical Data,53.0
477,2020-04-08 21:00:00,Historical Data,43.0
478,2020-04-08 22:00:00,Historical Data,43.0
479,2020-04-08 23:00:00,Historical Data,40.0
480,2020-04-09 00:00:00,Historical Data,34.0
481,2020-04-09 01:00:00,Historical Data,19.0
482,2020-04-09 02:00:00,Historical Data,14.0
483,2020-04-09 03:00:00,Historical Data,23.0
484,2020-04-09 04:00:00,Historical Data,35.0
485,2020-04-09 05:00:00,Historical Data,38.0
486,2020-04-09 06:00:00,Historical Data,57.0
487,2020-04-09 07:00:00,Historical Data,89.0
488,2020-04-09 08:00:00,Historical Data,90.0
489,2020-04-09 09:00:00,Historical Data,116.0
490,2020-04-09 10:00:00,Historical Data,147.0
491,2020-04-09 11:00:00,Historical Data,135.0
492,2020-04-09 12:00:00,Historical Data,152.0
493,2020-04-09 13:00:00,Historical Data,156.0
494,2020-04-09 14:00:00,Historical Data,155.0
495,2020-04-09 15:00:00,Historical Data,151.0
496,2020-04-09 16:00:00,Historical Data,154.0
497,2020-04-09 17:00:00,Historical Data,148.0
498,2020-04-09 18:00:00,Historical Data,78.0
499,2020-04-09 19:00:00,Historical Data,79.0
500,2020-04-09 20:00:00,Historical Data,55.0
501,2020-04-09 21:00:00,Historical Data,59.0
502,2020-04-09 22:00:00,Historical Data,45.0
503,2020-04-09 23:00:00,Historical Data,60.0
504,2020-04-10 00:00:00,Historical Data,33.0
505,2020-04-10 01:00:00,Historical Data,18.0
506,2020-04-10 02:00:00,Historical Data,9.0
507,2020-04-10 03:00:00,Historical Data,20.0
508,2020-04-10 04:00:00,Historical Data,30.0
509,2020-04-10 05:00:00,Historical Data,31.0
510,2020-04-10 06:00:00,Historical Data,47.0
511,2020-04-10 07:00:00,Historical Data,77.0
512,2020-04-10 08:00:00,Historical Data,97.0
513,2020-04-10 09:00:00,Historical Data,111.0
514,2020-04-10 10:00:00,Historical Data,155.0
515,2020-04-10 11:00:00,Historical Data,134.0
516,2020-04-10 12:00:00,Historical Data,147.0
517,2020-04-10 13:00:00,Historical Data,122.0
518,2020-04-10 14:00:00,Historical Data,141.0
519,2020-04-10 15:00:00,Historical Data,149.0
520,2020-04-10 16:00:00,Historical Data,145.0
521,2020-04-10 17:00:00,Historical Data,131.0
522,2020-04-10 18:00:00,Historical Data,82.0
523,2020-04-10 19:00:00,Historical Data,86.0
524,2020-04-10 20:00:00,Historical Data,65.0
525,2020-04-10 21:00:00,Historical Data,52.0
526,2020-04-10 22:00:00,Historical Data,44.0
527,2020-04-10 23:00:00,Historical Data,46.0
528,2020-04-11 00:00:00,Historical Data,47.0
529,2020-04-11 01:00:00,Historical Data,27.0
530,2020-04-11 02:00:00,Historical Data,16.0
531,2020-04-11 03:00:00,Historical Data,13.0
532,2020-04-11 04:00:00,Historical Data,12.0
533,2020-04-11 05:00:00,Historical Data,25.0
534,2020-04-11 06:00:00,Historical Data,38.0
535,2020-04-11 07:00:00,Historical Data,41.0
536,2020-04-11 08:00:00,Historical Data,66.0
537,2020-04-11 09:00:00,Historical Data,81.0
538,2020-04-11 10:00:00,Historical Data,104.0
539,2020-04-11 11:00:00,Historical Data,117.0
540,2020-04-11 12:00:00,Historical Data,107.0
541,2020-04-11 13:00:00,Historical Data,101.0
542,2020-04-11 14:00:00,Historical Data,118.0
543,2020-04-11 15:00:00,Historical Data,127.0
544,2020-04-11 16:00:00,Historical Data,129.0
545,2020-04-11 17:00:00,Historical Data,105.0
546,2020-04-11 18:00:00,Historical Data,86.0
547,2020-04-11 19:00:00,Historical Data,58.0
548,2020-04-11 20:00:00,Historical Data,51.0
549,2020-04-11 21:00:00,Historical Data,38.0
550,2020-04-11 22:00:00,Historical Data,38.0
551,2020-04-11 23:00:00,Historical Data,53.0
552,2020-04-12 00:00:00,Historical Data,30.0
553,2020-04-12 01:00:00,Historical Data,21.0
554,2020-04-12 02:00:00,Historical Data,12.0
555,2020-04-12 03:00:00,Historical Data,11.0
556,2020-04-12 04:00:00,Historical Data,7.0
557,2020-04-12 05:00:00,Historical Data,20.0
558,2020-04-12 06:00:00,Historical Data,27.0
559,2020-04-12 07:00:00,Historical Data,27.0
560,2020-04-12 08:00:00,Historical Data,45.0
561,2020-04-12 09:00:00,Historical Data,40.0
562,2020-04-12 10:00:00,Historical Data,39.0
563,2020-04-12 11:00:00,Historical Data,66.0
564,2020-04-12 12:00:00,Historical Data,68.0
565,2020-04-12 13:00:00,Historical Data,78.0
566,2020-04-12 14:00:00,Historical Data,68.0
567,2020-04-12 15:00:00,Historical Data,83.0
568,2020-04-12 16:00:00,Historical Data,58.0
569,2020-04-12 17:00:00,Historical Data,66.0
570,2020-04-12 18:00:00,Historical Data,39.0
571,2020-04-12 19:00:00,Historical Data,56.0
572,2020-04-12 20:00:00,Historical Data,43.0
573,2020-04-12 21:00:00,Historical Data,47.0
574,2020-04-12 22:00:00,Historical Data,42.0
575,2020-04-12 23:00:00,Historical Data,34.0
576,2020-04-13 00:00:00,Historical Data,31.0
577,2020-04-13 01:00:00,Historical Data,16.0
578,2020-04-13 02:00:00,Historical Data,11.0
579,2020-04-13 03:00:00,Historical Data,21.0
580,2020-04-13 04:00:00,Historical Data,33.0
581,2020-04-13 05:00:00,Historical Data,43.0
582,2020-04-13 06:00:00,Historical Data,61.0
583,2020-04-13 07:00:00,Historical Data,72.0
584,2020-04-13 08:00:00,Historical Data,86.0
585,2020-04-13 09:00:00,Historical Data,101.0
586,2020-04-13 10:00:00,Historical Data,124.0
587,2020-04-13 11:00:00,Historical Data,140.0
588,2020-04-13 12:00:00,Historical Data,123.0
589,2020-04-13 13:00:00,Historical Data,123.0
590,2020-04-13 14:00:00,Historical Data,151.0
591,2020-04-13 15:00:00,Historical Data,147.0
592,2020-04-13 16:00:00,Historical Data,147.0
593,2020-04-13 17:00:00,Historical Data,138.0
594,2020-04-13 18:00:00,Historical Data,88.0
595,2020-04-13 19:00:00,Historical Data,73.0
596,2020-04-13 20:00:00,Historical Data,81.0
597,2020-04-13 21:00:00,Historical Data,63.0
598,2020-04-13 22:00:00,Historical Data,51.0
599,2020-04-13 23:00:00,Historical Data,42.0
600,2020-04-14 00:00:00,Historical Data,22.0
601,2020-04-14 01:00:00,Historical Data,14.0
602,2020-04-14 02:00:00,Historical Data,16.0
603,2020-04-14 03:00:00,Historical Data,20.0
604,2020-04-14 04:00:00,Historical Data,21.0
605,2020-04-14 05:00:00,Historical Data,38.0
606,2020-04-14 06:00:00,Historical Data,46.0
607,2020-04-14 07:00:00,Historical Data,74.0
608,2020-04-14 08:00:00,Historical Data,85.0
609,2020-04-14 09:00:00,Historical Data,107.0
610,2020-04-14 10:00:00,Historical Data,155.0
611,2020-04-14 11:00:00,Historical Data,132.0
612,2020-04-14 12:00:00,Historical Data,133.0
613,2020-04-14 13:00:00,Historical Data,137.0
614,2020-04-14 14:00:00,Historical Data,140.0
615,2020-04-14 15:00:00,Historical Data,134.0
616,2020-04-14 16:00:00,Historical Data,132.0
617,2020-04-14 17:00:00,Historical Data,103.0
618,2020-04-14 18:00:00,Historical Data,89.0
619,2020-04-14 19:00:00,Historical Data,83.0
620,2020-04-14 20:00:00,Historical Data,55.0
621,2020-04-14 21:00:00,Historical Data,48.0
622,2020-04-14 22:00:00,Historical Data,33.0
623,2020-04-14 23:00:00,Historical Data,40.0
624,2020-04-15 00:00:00,Historical Data,24.0
625,2020-04-15 01:00:00,Historical Data,16.0
626,2020-04-15 02:00:00,Historical Data,8.0
627,2020-04-15 03:00:00,Historical Data,10.0
628,2020-04-15 04:00:00,Historical Data,20.0
629,2020-04-15 05:00:00,Historical Data,22.0
630,2020-04-15 06:00:00,Historical Data,52.0
631,2020-04-15 07:00:00,Historical Data,63.0
632,2020-04-15 08:00:00,Historical Data,81.0
633,2020-04-15 09:00:00,Historical Data,103.0
634,2020-04-15 10:00:00,Historical Data,118.0
635,2020-04-15 11:00:00,Historical Data,139.0
636,2020-04-15 12:00:00,Historical Data,119.0
637,2020-04-15 13:00:00,Historical Data,131.0
638,2020-04-15 14:00:00,Historical Data,162.0
639,2020-04-15 15:00:00,Historical Data,136.0
640,2020-04-15 16:00:00,Historical Data,133.0
641,2020-04-15 17:00:00,Historical Data,119.0
642,2020-04-15 18:00:00,Historical Data,85.0
643,2020-04-15 19:00:00,Historical Data,64.0
644,2020-04-15 20:00:00,Historical Data,61.0
645,2020-04-15 21:00:00,Historical Data,45.0
646,2020-04-15 22:00:00,Historical Data,46.0
647,2020-04-15 23:00:00,Historical Data,36.0
648,2020-04-16 00:00:00,Historical Data,25.0
649,2020-04-16 01:00:00,Historical Data,11.0
650,2020-04-16 02:00:00,Historical Data,6.0
651,2020-04-16 03:00:00,Historical Data,14.0
652,2020-04-16 04:00:00,Historical Data,28.0
653,2020-04-16 05:00:00,Historical Data,33.0
654,2020-04-16 06:00:00,Historical Data,58.0
655,2020-04-16 07:00:00,Historical Data,85.0
656,2020-04-16 08:00:00,Historical Data,103.0
657,2020-04-16 09:00:00,Historical Data,118.0
658,2020-04-16 10:00:00,Historical Data,123.0
659,2020-04-16 11:00:00,Historical Data,146.0
660,2020-04-16 12:00:00,Historical Data,156.0
661,2020-04-16 13:00:00,Historical Data,168.0
662,2020-04-16 14:00:00,Historical Data,168.0
663,2020-04-16 15:00:00,Historical Data,171.0
664,2020-04-16 16:00:00,Historical Data,156.0
665,2020-04-16 17:00:00,Historical Data,122.0
666,2020-04-16 18:00:00,Historical Data,111.0
667,2020-04-16 19:00:00,Historical Data,59.0
668,2020-04-16 20:00:00,Historical Data,50.0
669,2020-04-16 21:00:00,Historical Data,44.0
670,2020-04-16 22:00:00,Historical Data,38.0
671,2020-04-16 23:00:00,Historical Data,41.0
672,2020-04-17 00:00:00,Historical Data,17.0
673,2020-04-17 01:00:00,Historical Data,16.0
674,2020-04-17 02:00:00,Historical Data,8.0
675,2020-04-17 03:00:00,Historical Data,8.0
676,2020-04-17 04:00:00,Historical Data,13.0
677,2020-04-17 05:00:00,Historical Data,28.0
678,2020-04-17 06:00:00,Historical Data,48.0
679,2020-04-17 07:00:00,Historical Data,63.0
680,2020-04-17 08:00:00,Historical Data,73.0
681,2020-04-17 09:00:00,Historical Data,97.0
682,2020-04-17 10:00:00,Historical Data,103.0
683,2020-04-17 11:00:00,Historical Data,125.0
684,2020-04-17 12:00:00,Historical Data,113.0
685,2020-04-17 13:00:00,Historical Data,164.0
686,2020-04-17 14:00:00,Historical Data,149.0
687,2020-04-17 15:00:00,Historical Data,161.0
688,2020-04-17 16:00:00,Historical Data,153.0
689,2020-04-17 17:00:00,Historical Data,140.0
690,2020-04-17 18:00:00,Historical Data,85.0
691,2020-04-17 19:00:00,Historical Data,75.0
692,2020-04-17 20:00:00,Historical Data,76.0
693,2020-04-17 21:00:00,Historical Data,57.0
694,2020-04-17 22:00:00,Historical Data,40.0
695,2020-04-17 23:00:00,Historical Data,39.0
696,2020-04-18 00:00:00,Historical Data,31.0
697,2020-04-18 01:00:00,Historical Data,13.0
698,2020-04-18 02:00:00,Historical Data,11.0
699,2020-04-18 03:00:00,Historical Data,14.0
700,2020-04-18 04:00:00,Historical Data,17.0
701,2020-04-18 05:00:00,Historical Data,15.0
702,2020-04-18 06:00:00,Historical Data,27.0
703,2020-04-18 07:00:00,Historical Data,34.0
704,2020-04-18 08:00:00,Historical Data,70.0
705,2020-04-18 09:00:00,Historical Data,68.0
706,2020-04-18 10:00:00,Historical Data,98.0
707,2020-04-18 11:00:00,Historical Data,111.0
708,2020-04-18 12:00:00,Historical Data,109.0
709,2020-04-18 13:00:00,Historical Data,105.0
710,2020-04-18 14:00:00,Historical Data,113.0
711,2020-04-18 15:00:00,Historical Data,107.0
712,2020-04-18 16:00:00,Historical Data,129.0
713,2020-04-18 17:00:00,Historical Data,83.0
714,2020-04-18 18:00:00,Historical Data,82.0
715,2020-04-18 19:00:00,Historical Data,60.0
716,2020-04-18 20:00:00,Historical Data,47.0
717,2020-04-18 21:00:00,Historical Data,51.0
718,2020-04-18 22:00:00,Historical Data,43.0
719,2020-04-18 23:00:00,Historical Data,41.0
720,2020-04-19 00:00:00,Historical Data,20.0
721,2020-04-19 01:00:00,Historical Data,10.0
722,2020-04-19 02:00:00,Historical Data,6.0
723,2020-04-19 03:00:00,Historical Data,6.0
724,2020-04-19 04:00:00,Historical Data,7.0
725,2020-04-19 05:00:00,Historical Data,14.0
726,2020-04-19 06:00:00,Historical Data,20.0
727,2020-04-19 07:00:00,Historical Data,41.0
728,2020-04-19 08:00:00,Historical Data,39.0
729,2020-04-19 09:00:00,Historical Data,49.0
730,2020-04-19 10:00:00,Historical Data,60.0
731,2020-04-19 11:00:00,Historical Data,72.0
732,2020-04-19 12:00:00,Historical Data,72.0
733,2020-04-19 13:00:00,Historical Data,77.0
734,2020-04-19 14:00:00,Historical Data,80.0
735,2020-04-19 15:00:00,Historical Data,67.0
736,2020-04-19 16:00:00,Historical Data,70.0
737,2020-04-19 17:00:00,Historical Data,69.0
738,2020-04-19 18:00:00,Historical Data,54.0
739,2020-04-19 19:00:00,Historical Data,60.0
740,2020-04-19 20:00:00,Historical Data,43.0
741,2020-04-19 21:00:00,Historical Data,42.0
742,2020-04-19 22:00:00,Historical Data,36.0
743,2020-04-19 23:00:00,Historical Data,37.0
744,2020-04-20 00:00:00,Historical Data,23.0
745,2020-04-20 01:00:00,Historical Data,10.0
746,2020-04-20 02:00:00,Historical Data,10.0
747,2020-04-20 03:00:00,Historical Data,10.0
748,2020-04-20 04:00:00,Historical Data,19.0
749,2020-04-20 05:00:00,Historical Data,27.0
750,2020-04-20 06:00:00,Historical Data,51.0
751,2020-04-20 07:00:00,Historical Data,70.0
752,2020-04-20 08:00:00,Historical Data,68.0
753,2020-04-20 09:00:00,Historical Data,92.0
754,2020-04-20 10:00:00,Historical Data,117.0
755,2020-04-20 11:00:00,Historical Data,130.0
756,2020-04-20 12:00:00,Historical Data,140.0
757,2020-04-20 13:00:00,Historical Data,135.0
758,2020-04-20 14:00:00,Historical Data,130.0
759,2020-04-20 15:00:00,Historical Data,125.0
760,2020-04-20 16:00:00,Historical Data,115.0
761,2020-04-20 17:00:00,Historical Data,165.0
762,2020-04-20 18:00:00,Historical Data,90.0
763,2020-04-20 19:00:00,Historical Data,65.0
764,2020-04-20 20:00:00,Historical Data,55.0
765,2020-04-20 21:00:00,Historical Data,35.0
766,2020-04-20 22:00:00,Historical Data,39.0
767,2020-04-20 23:00:00,Historical Data,37.0
768,2020-04-21 00:00:00,Historical Data,24.0
769,2020-04-21 01:00:00,Historical Data,12.0
770,2020-04-21 02:00:00,Historical Data,20.0
771,2020-04-21 03:00:00,Historical Data,12.0
772,2020-04-21 04:00:00,Historical Data,15.0
773,2020-04-21 05:00:00,Historical Data,29.0
774,2020-04-21 06:00:00,Historical Data,38.0
775,2020-04-21 07:00:00,Historical Data,68.0
776,2020-04-21 08:00:00,Historical Data,93.0
777,2020-04-21 09:00:00,Historical Data,108.0
778,2020-04-21 10:00:00,Historical Data,105.0
779,2020-04-21 11:00:00,Historical Data,136.0
780,2020-04-21 12:00:00,Historical Data,129.0
781,2020-04-21 13:00:00,Historical Data,115.0
782,2020-04-21 14:00:00,Historical Data,135.0
783,2020-04-21 15:00:00,Historical Data,139.0
784,2020-04-21 16:00:00,Historical Data,139.0
785,2020-04-21 17:00:00,Historical Data,127.0
786,2020-04-21 18:00:00,Historical Data,111.0
787,2020-04-21 19:00:00,Historical Data,89.0
788,2020-04-21 20:00:00,Historical Data,59.0
789,2020-04-21 21:00:00,Historical Data,47.0
790,2020-04-21 22:00:00,Historical Data,48.0
791,2020-04-21 23:00:00,Historical Data,33.0
792,2020-04-22 00:00:00,Historical Data,24.0
793,2020-04-22 01:00:00,Historical Data,10.0
794,2020-04-22 02:00:00,Historical Data,8.0
795,2020-04-22 03:00:00,Historical Data,13.0
796,2020-04-22 04:00:00,Historical Data,26.0
797,2020-04-22 05:00:00,Historical Data,27.0
798,2020-04-22 06:00:00,Historical Data,50.0
799,2020-04-22 07:00:00,Historical Data,74.0
800,2020-04-22 08:00:00,Historical Data,107.0
801,2020-04-22 09:00:00,Historical Data,94.0
802,2020-04-22 10:00:00,Historical Data,132.0
803,2020-04-22 11:00:00,Historical Data,133.0
804,2020-04-22 12:00:00,Historical Data,134.0
805,2020-04-22 13:00:00,Historical Data,136.0
806,2020-04-22 14:00:00,Historical Data,140.0
807,2020-04-22 15:00:00,Historical Data,159.0
808,2020-04-22 16:00:00,Historical Data,139.0
809,2020-04-22 17:00:00,Historical Data,138.0
810,2020-04-22 18:00:00,Historical Data,83.0
811,2020-04-22 19:00:00,Historical Data,69.0
812,2020-04-22 20:00:00,Historical Data,50.0
813,2020-04-22 21:00:00,Historical Data,47.0
814,2020-04-22 22:00:00,Historical Data,50.0
815,2020-04-22 23:00:00,Historical Data,33.0
816,2020-04-23 00:00:00,Historical Data,33.0
817,2020-04-23 01:00:00,Historical Data,21.0
818,2020-04-23 02:00:00,Historical Data,11.0
819,2020-04-23 03:00:00,Historical Data,10.0
820,2020-04-23 04:00:00,Historical Data,17.0
821,2020-04-23 05:00:00,Historical Data,32.0
822,2020-04-23 06:00:00,Historical Data,41.0
823,2020-04-23 07:00:00,Historical Data,70.0
824,2020-04-23 08:00:00,Historical Data,85.0
825,2020-04-23 09:00:00,Historical Data,102.0
826,2020-04-23 10:00:00,Historical Data,141.0
827,2020-04-23 11:00:00,Historical Data,135.0
828,2020-04-23 12:00:00,Historical Data,148.0
829,2020-04-23 13:00:00,Historical Data,132.0
830,2020-04-23 14:00:00,Historical Data,140.0
831,2020-04-23 15:00:00,Historical Data,141.0
832,2020-04-23 16:00:00,Historical Data,136.0
833,2020-04-23 17:00:00,Historical Data,134.0
834,2020-04-23 18:00:00,Historical Data,112.0
835,2020-04-23 19:00:00,Historical Data,76.0
836,2020-04-23 20:00:00,Historical Data,77.0
837,2020-04-23 21:00:00,Historical Data,49.0
838,2020-04-23 22:00:00,Historical Data,52.0
839,2020-04-23 23:00:00,Historical Data,47.0
840,2020-04-24 00:00:00,Historical Data,32.0
841,2020-04-24 01:00:00,Historical Data,13.0
842,2020-04-24 02:00:00,Historical Data,10.0
843,2020-04-24 03:00:00,Historical Data,12.0
844,2020-04-24 04:00:00,Historical Data,34.0
845,2020-04-24 05:00:00,Historical Data,37.0
846,2020-04-24 06:00:00,Historical Data,48.0
847,2020-04-24 07:00:00,Historical Data,89.0
848,2020-04-24 08:00:00,Historical Data,82.0
849,2020-04-24 09:00:00,Historical Data,117.0
850,2020-04-24 10:00:00,Historical Data,116.0
851,2020-04-24 11:00:00,Historical Data,127.0
852,2020-04-24 12:00:00,Historical Data,165.0
853,2020-04-24 13:00:00,Historical Data,152.0
854,2020-04-24 14:00:00,Historical Data,131.0
855,2020-04-24 15:00:00,Historical Data,143.0
856,2020-04-24 16:00:00,Historical Data,153.0
857,2020-04-24 17:00:00,Historical Data,127.0
858,2020-04-24 18:00:00,Historical Data,113.0
859,2020-04-24 19:00:00,Historical Data,82.0
860,2020-04-24 20:00:00,Historical Data,70.0
861,2020-04-24 21:00:00,Historical Data,45.0
862,2020-04-24 22:00:00,Historical Data,58.0
863,2020-04-24 23:00:00,Historical Data,40.0
864,2020-04-25 00:00:00,Historical Data,27.0
865,2020-04-25 01:00:00,Historical Data,15.0
866,2020-04-25 02:00:00,Historical Data,13.0
867,2020-04-25 03:00:00,Historical Data,12.0
868,2020-04-25 04:00:00,Historical Data,37.0
869,2020-04-25 05:00:00,Historical Data,42.0
870,2020-04-25 06:00:00,Historical Data,31.0
871,2020-04-25 07:00:00,Historical Data,41.0
872,2020-04-25 08:00:00,Historical Data,62.0
873,2020-04-25 09:00:00,Historical Data,75.0
874,2020-04-25 10:00:00,Historical Data,78.0
875,2020-04-25 11:00:00,Historical Data,99.0
876,2020-04-25 12:00:00,Historical Data,98.0
877,2020-04-25 13:00:00,Historical Data,99.0
878,2020-04-25 14:00:00,Historical Data,109.0
879,2020-04-25 15:00:00,Historical Data,128.0
880,2020-04-25 16:00:00,Historical Data,85.0
881,2020-04-25 17:00:00,Historical Data,86.0
882,2020-04-25 18:00:00,Historical Data,53.0
883,2020-04-25 19:00:00,Historical Data,51.0
884,2020-04-25 20:00:00,Historical Data,44.0
885,2020-04-25 21:00:00,Historical Data,44.0
886,2020-04-25 22:00:00,Historical Data,43.0
887,2020-04-25 23:00:00,Historical Data,39.0
888,2020-04-26 00:00:00,Historical Data,17.0
889,2020-04-26 01:00:00,Historical Data,14.0
890,2020-04-26 02:00:00,Historical Data,7.0
891,2020-04-26 03:00:00,Historical Data,6.0
892,2020-04-26 04:00:00,Historical Data,6.0
893,2020-04-26 05:00:00,Historical Data,17.0
894,2020-04-26 06:00:00,Historical Data,23.0
895,2020-04-26 07:00:00,Historical Data,25.0
896,2020-04-26 08:00:00,Historical Data,44.0
897,2020-04-26 09:00:00,Historical Data,43.0
898,2020-04-26 10:00:00,Historical Data,59.0
899,2020-04-26 11:00:00,Historical Data,62.0
900,2020-04-26 12:00:00,Historical Data,75.0
901,2020-04-26 13:00:00,Historical Data,69.0
902,2020-04-26 14:00:00,Historical Data,83.0
903,2020-04-26 15:00:00,Historical Data,76.0
904,2020-04-26 16:00:00,Historical Data,70.0
905,2020-04-26 17:00:00,Historical Data,72.0
906,2020-04-26 18:00:00,Historical Data,51.0
907,2020-04-26 19:00:00,Historical Data,52.0
908,2020-04-26 20:00:00,Historical Data,41.0
909,2020-04-26 21:00:00,Historical Data,48.0
910,2020-04-26 22:00:00,Historical Data,48.0
911,2020-04-26 23:00:00,Historical Data,39.0
912,2020-04-27 00:00:00,Historical Data,23.0
913,2020-04-27 01:00:00,Historical Data,14.0
914,2020-04-27 02:00:00,Historical Data,13.0
915,2020-04-27 03:00:00,Historical Data,14.0
916,2020-04-27 04:00:00,Historical Data,26.0
917,2020-04-27 05:00:00,Historical Data,48.0
918,2020-04-27 06:00:00,Historical Data,52.0
919,2020-04-27 07:00:00,Historical Data,86.0
920,2020-04-27 08:00:00,Historical Data,91.0
921,2020-04-27 09:00:00,Historical Data,110.0
922,2020-04-27 10:00:00,Historical Data,126.0
923,2020-04-27 11:00:00,Historical Data,131.0
924,2020-04-27 12:00:00,Historical Data,137.0
925,2020-04-27 13:00:00,Historical Data,140.0
926,2020-04-27 14:00:00,Historical Data,160.0
927,2020-04-27 15:00:00,Historical Data,181.0
928,2020-04-27 16:00:00,Historical Data,150.0
929,2020-04-27 17:00:00,Historical Data,124.0
930,2020-04-27 18:00:00,Historical Data,95.0
931,2020-04-27 19:00:00,Historical Data,78.0
932,2020-04-27 20:00:00,Historical Data,51.0
933,2020-04-27 21:00:00,Historical Data,33.0
934,2020-04-27 22:00:00,Historical Data,42.0
935,2020-04-27 23:00:00,Historical Data,37.0
936,2020-04-28 00:00:00,Historical Data,23.0
937,2020-04-28 01:00:00,Historical Data,17.0
938,2020-04-28 02:00:00,Historical Data,7.0
939,2020-04-28 03:00:00,Historical Data,16.0
940,2020-04-28 04:00:00,Historical Data,27.0
941,2020-04-28 05:00:00,Historical Data,43.0
942,2020-04-28 06:00:00,Historical Data,52.0
943,2020-04-28 07:00:00,Historical Data,64.0
944,2020-04-28 08:00:00,Historical Data,81.0
945,2020-04-28 09:00:00,Historical Data,121.0
946,2020-04-28 10:00:00,Historical Data,142.0
947,2020-04-28 11:00:00,Historical Data,118.0
948,2020-04-28 12:00:00,Historical Data,149.0
949,2020-04-28 13:00:00,Historical Data,170.0
950,2020-04-28 14:00:00,Historical Data,168.0
951,2020-04-28 15:00:00,Historical Data,170.0
952,2020-04-28 16:00:00,Historical Data,167.0
953,2020-04-28 17:00:00,Historical Data,150.0
954,2020-04-28 18:00:00,Historical Data,118.0
955,2020-04-28 19:00:00,Historical Data,89.0
956,2020-04-28 20:00:00,Historical Data,63.0
957,2020-04-28 21:00:00,Historical Data,42.0
958,2020-04-28 22:00:00,Historical Data,43.0
959,2020-04-28 23:00:00,Historical Data,37.0
960,2020-04-29 00:00:00,Historical Data,24.0
961,2020-04-29 01:00:00,Historical Data,13.0
962,2020-04-29 02:00:00,Historical Data,16.0
963,2020-04-29 03:00:00,Historical Data,17.0
964,2020-04-29 04:00:00,Historical Data,25.0
965,2020-04-29 05:00:00,Historical Data,47.0
966,2020-04-29 06:00:00,Historical Data,66.0
967,2020-04-29 07:00:00,Historical Data,89.0
968,2020-04-29 08:00:00,Historical Data,100.0
969,2020-04-29 09:00:00,Historical Data,125.0
970,2020-04-29 10:00:00,Historical Data,145.0
971,2020-04-29 11:00:00,Historical Data,165.0
972,2020-04-29 12:00:00,Historical Data,151.0
973,2020-04-29 13:00:00,Historical Data,151.0
974,2020-04-29 14:00:00,Historical Data,169.0
975,2020-04-29 15:00:00,Historical Data,162.0
976,2020-04-29 16:00:00,Historical Data,203.0
977,2020-04-29 17:00:00,Historical Data,154.0
978,2020-04-29 18:00:00,Historical Data,120.0
979,2020-04-29 19:00:00,Historical Data,72.0
980,2020-04-29 20:00:00,Historical Data,59.0
981,2020-04-29 21:00:00,Historical Data,55.0
982,2020-04-29 22:00:00,Historical Data,47.0
983,2020-04-29 23:00:00,Historical Data,39.0
984,2020-04-30 00:00:00,Historical Data,29.0
985,2020-04-30 01:00:00,Historical Data,17.0
986,2020-04-30 02:00:00,Historical Data,15.0
987,2020-04-30 03:00:00,Historical Data,15.0
988,2020-04-30 04:00:00,Historical Data,22.0
989,2020-04-30 05:00:00,Historical Data,34.0
990,2020-04-30 06:00:00,Historical Data,59.0
991,2020-04-30 07:00:00,Historical Data,79.0
992,2020-04-30 08:00:00,Historical Data,110.0
993,2020-04-30 09:00:00,Historical Data,133.0
994,2020-04-30 10:00:00,Historical Data,149.0
995,2020-04-30 11:00:00,Historical Data,141.0
996,2020-04-30 12:00:00,Historical Data,173.0
997,2020-04-30 13:00:00,Historical Data,192.0
998,2020-04-30 14:00:00,Historical Data,170.0
999,2020-04-30 15:00:00,Historical Data,161.0
1000,2020-04-30 16:00:00,Historical Data,149.0
1001,2020-04-30 17:00:00,Historical Data,150.0
1002,2020-04-30 18:00:00,Historical Data,117.0
1003,2020-04-30 19:00:00,Historical Data,104.0
1004,2020-04-30 20:00:00,Historical Data,65.0
1005,2020-04-30 21:00:00,Historical Data,59.0
1006,2020-04-30 22:00:00,Historical Data,56.0
1007,2020-04-30 23:00:00,Historical Data,56.0
1008,2020-05-01 00:00:00,Historical Data,3.0
0,2020-05-01 01:00:00,TBATS Forecast,7.929061134082757
1,2020-05-01 02:00:00,TBATS Forecast,7.844985474189285
2,2020-05-01 03:00:00,TBATS Forecast,12.09002329606497
3,2020-05-01 04:00:00,TBATS Forecast,18.788751523325757
4,2020-05-01 05:00:00,TBATS Forecast,28.255440396220877
5,2020-05-01 06:00:00,TBATS Forecast,42.21631779703799
6,2020-05-01 07:00:00,TBATS Forecast,61.715749071070064
7,2020-05-01 08:00:00,TBATS Forecast,78.96169712247766
8,2020-05-01 09:00:00,TBATS Forecast,97.81203859872633
9,2020-05-01 10:00:00,TBATS Forecast,118.19435090342013
10,2020-05-01 11:00:00,TBATS Forecast,131.76791928364898
11,2020-05-01 12:00:00,TBATS Forecast,136.40711937470658
12,2020-05-01 13:00:00,TBATS Forecast,143.14697200268574
13,2020-05-01 14:00:00,TBATS Forecast,157.48682206821664
14,2020-05-01 15:00:00,TBATS Forecast,159.55254980363833
15,2020-05-01 16:00:00,TBATS Forecast,154.9384421021093
16,2020-05-01 17:00:00,TBATS Forecast,140.1836407192197
17,2020-05-01 18:00:00,TBATS Forecast,105.72532781796083
18,2020-05-01 19:00:00,TBATS Forecast,83.51204399568772
19,2020-05-01 20:00:00,TBATS Forecast,69.11864790420717
20,2020-05-01 21:00:00,TBATS Forecast,53.890715138132045
21,2020-05-01 22:00:00,TBATS Forecast,48.017505308758395
22,2020-05-01 23:00:00,TBATS Forecast,41.017039436284065
23,2020-05-02 00:00:00,TBATS Forecast,26.66706903365743
24,2020-05-02 01:00:00,TBATS Forecast,15.620326582303681
25,2020-05-02 02:00:00,TBATS Forecast,10.551325388096117
26,2020-05-02 03:00:00,TBATS Forecast,11.102832745760344
27,2020-05-02 04:00:00,TBATS Forecast,16.441149686932814
28,2020-05-02 05:00:00,TBATS Forecast,23.5435649068775
29,2020-05-02 06:00:00,TBATS Forecast,33.529214767791075
30,2020-05-02 07:00:00,TBATS Forecast,46.83914870644446
31,2020-05-02 08:00:00,TBATS Forecast,57.49429967415965
32,2020-05-02 09:00:00,TBATS Forecast,68.68659206251756
33,2020-05-02 10:00:00,TBATS Forecast,80.55093155625214
34,2020-05-02 11:00:00,TBATS Forecast,87.76514581647729
35,2020-05-02 12:00:00,TBATS Forecast,89.45669229166074
36,2020-05-02 13:00:00,TBATS Forecast,93.12723802953047
37,2020-05-02 14:00:00,TBATS Forecast,102.37443696399724
38,2020-05-02 15:00:00,TBATS Forecast,104.32062130560973
39,2020-05-02 16:00:00,TBATS Forecast,102.47312569036539
40,2020-05-02 17:00:00,TBATS Forecast,94.20691858926476
41,2020-05-02 18:00:00,TBATS Forecast,72.41791059609261
42,2020-05-02 19:00:00,TBATS Forecast,58.39593540420168
43,2020-05-02 20:00:00,TBATS Forecast,49.339400060718006
44,2020-05-02 21:00:00,TBATS Forecast,39.21031616480037
45,2020-05-02 22:00:00,TBATS Forecast,35.503117194702675
46,2020-05-02 23:00:00,TBATS Forecast,30.686994935226767
47,2020-05-03 00:00:00,TBATS Forecast,20.081285817784206
48,2020-05-03 01:00:00,TBATS Forecast,11.76879842533898
49,2020-05-03 02:00:00,TBATS Forecast,7.9036354505012625
50,2020-05-03 03:00:00,TBATS Forecast,8.216834946554812
51,2020-05-03 04:00:00,TBATS Forecast,11.951457081164472
52,2020-05-03 05:00:00,TBATS Forecast,16.726664105236235
53,2020-05-03 06:00:00,TBATS Forecast,23.193198386502488
54,2020-05-03 07:00:00,TBATS Forecast,31.474388926987903
55,2020-05-03 08:00:00,TBATS Forecast,37.511600059478475
56,2020-05-03 09:00:00,TBATS Forecast,43.57485234691136
57,2020-05-03 10:00:00,TBATS Forecast,49.863083431354994
58,2020-05-03 11:00:00,TBATS Forecast,53.307584145544546
59,2020-05-03 12:00:00,TBATS Forecast,53.71610498571692
60,2020-05-03 13:00:00,TBATS Forecast,55.799735055585984
61,2020-05-03 14:00:00,TBATS Forecast,61.87345222589212
62,2020-05-03 15:00:00,TBATS Forecast,64.36316102760338
63,2020-05-03 16:00:00,TBATS Forecast,65.36613783902347
64,2020-05-03 17:00:00,TBATS Forecast,62.94299691381179
65,2020-05-03 18:00:00,TBATS Forecast,51.3324209233298
66,2020-05-03 19:00:00,TBATS Forecast,44.449518112569386
67,2020-05-03 20:00:00,TBATS Forecast,40.772123368101084
68,2020-05-03 21:00:00,TBATS Forecast,35.50546277923328
69,2020-05-03 22:00:00,TBATS Forecast,35.48535265318696
70,2020-05-03 23:00:00,TBATS Forecast,34.02262113717085
71,2020-05-04 00:00:00,TBATS Forecast,24.754495312428148
72,2020-05-04 01:00:00,TBATS Forecast,16.12403090801223
73,2020-05-04 02:00:00,TBATS Forecast,11.996884122030242
74,2020-05-04 03:00:00,TBATS Forecast,13.736736254895355
75,2020-05-04 04:00:00,TBATS Forecast,21.820256864817416
76,2020-05-04 05:00:00,TBATS Forecast,32.993348762500524
77,2020-05-04 06:00:00,TBATS Forecast,48.7996152078927
78,2020-05-04 07:00:00,TBATS Forecast,69.63584959313242
79,2020-05-04 08:00:00,TBATS Forecast,85.93380803538717
80,2020-05-04 09:00:00,TBATS Forecast,101.71831502710529
81,2020-05-04 10:00:00,TBATS Forecast,116.71085486064983
82,2020-05-04 11:00:00,TBATS Forecast,123.16223495962453
83,2020-05-04 12:00:00,TBATS Forecast,120.70651717115013
84,2020-05-04 13:00:00,TBATS Forecast,120.32669820740175
85,2020-05-04 14:00:00,TBATS Forecast,126.54752298470133
86,2020-05-04 15:00:00,TBATS Forecast,123.65295688182832
87,2020-05-04 16:00:00,TBATS Forecast,117.08874659071284
88,2020-05-04 17:00:00,TBATS Forecast,104.59676552963651
89,2020-05-04 18:00:00,TBATS Forecast,78.92907834221698
90,2020-05-04 19:00:00,TBATS Forecast,63.22405630913608
91,2020-05-04 20:00:00,TBATS Forecast,53.75434115850567
92,2020-05-04 21:00:00,TBATS Forecast,43.56330791600783
93,2020-05-04 22:00:00,TBATS Forecast,40.75158986217201
94,2020-05-04 23:00:00,TBATS Forecast,36.83300786930562
95,2020-05-05 00:00:00,TBATS Forecast,25.471401351441973
96,2020-05-05 01:00:00,TBATS Forecast,15.90896208933217
97,2020-05-05 02:00:00,TBATS Forecast,11.454192773618114
98,2020-05-05 03:00:00,TBATS Forecast,12.806320770433414
99,2020-05-05 04:00:00,TBATS Forecast,20.034340140430256
100,2020-05-05 05:00:00,TBATS Forecast,30.069842485656395
101,2020-05-05 06:00:00,TBATS Forecast,44.453730320632985
102,2020-05-05 07:00:00,TBATS Forecast,63.7697908369635
103,2020-05-05 08:00:00,TBATS Forecast,79.46896574877375
104,2020-05-05 09:00:00,TBATS Forecast,95.29805855514267
105,2020-05-05 10:00:00,TBATS Forecast,110.99296887378661
106,2020-05-05 11:00:00,TBATS Forecast,118.98482855940647
107,2020-05-05 12:00:00,TBATS Forecast,118.4252708090869
108,2020-05-05 13:00:00,TBATS Forecast,119.74545601797364
109,2020-05-05 14:00:00,TBATS Forecast,127.50259190764561
110,2020-05-05 15:00:00,TBATS Forecast,125.84007752377678
111,2020-05-05 16:00:00,TBATS Forecast,120.04713279676224
112,2020-05-05 17:00:00,TBATS Forecast,107.7544729460218
113,2020-05-05 18:00:00,TBATS Forecast,81.50091898887504
114,2020-05-05 19:00:00,TBATS Forecast,65.29591796402825
115,2020-05-05 20:00:00,TBATS Forecast,55.43233760369813
116,2020-05-05 21:00:00,TBATS Forecast,44.804373160518566
117,2020-05-05 22:00:00,TBATS Forecast,41.77852395328497
118,2020-05-05 23:00:00,TBATS Forecast,37.64165527850573
119,2020-05-06 00:00:00,TBATS Forecast,25.963187561296657
120,2020-05-06 01:00:00,TBATS Forecast,16.190999165563305
121,2020-05-06 02:00:00,TBATS Forecast,11.65549893875475
122,2020-05-06 03:00:00,TBATS Forecast,13.050627244729569
123,2020-05-06 04:00:00,TBATS Forecast,20.481630950633036
124,2020-05-06 05:00:00,TBATS Forecast,30.889954675377048
125,2020-05-06 06:00:00,TBATS Forecast,45.95331185061162
126,2020-05-06 07:00:00,TBATS Forecast,66.409461774082
127,2020-05-06 08:00:00,TBATS Forecast,83.42904961759295
128,2020-05-06 09:00:00,TBATS Forecast,100.87671768092954
129,2020-05-06 10:00:00,TBATS Forecast,118.42410708594508
130,2020-05-06 11:00:00,TBATS Forecast,127.8476608909827
131,2020-05-06 12:00:00,TBATS Forecast,127.96898732895258
132,2020-05-06 13:00:00,TBATS Forecast,129.8958503400773
133,2020-05-06 14:00:00,TBATS Forecast,138.54955196617692
134,2020-05-06 15:00:00,TBATS Forecast,136.65938206943218
135,2020-05-06 16:00:00,TBATS Forecast,129.97556703613847
136,2020-05-06 17:00:00,TBATS Forecast,116.04425955584182
137,2020-05-06 18:00:00,TBATS Forecast,87.11936361397235
138,2020-05-06 19:00:00,TBATS Forecast,69.15790991664942
139,2020-05-06 20:00:00,TBATS Forecast,58.09872695755612
140,2020-05-06 21:00:00,TBATS Forecast,46.43633323635032
141,2020-05-06 22:00:00,TBATS Forecast,42.813254908244474
142,2020-05-06 23:00:00,TBATS Forecast,38.16023539314457
143,2020-05-07 00:00:00,TBATS Forecast,26.068471899846926
144,2020-05-07 01:00:00,TBATS Forecast,16.128325913440253
145,2020-05-07 02:00:00,TBATS Forecast,11.543920689485455
146,2020-05-07 03:00:00,TBATS Forecast,12.884372369586618
147,2020-05-07 04:00:00,TBATS Forecast,20.21156025837724
148,2020-05-07 05:00:00,TBATS Forecast,30.554279337262102
149,2020-05-07 06:00:00,TBATS Forecast,45.68322377554206
150,2020-05-07 07:00:00,TBATS Forecast,66.51185518068972
151,2020-05-07 08:00:00,TBATS Forecast,84.34743748438179
152,2020-05-07 09:00:00,TBATS Forecast,103.09624016644027
153,2020-05-07 10:00:00,TBATS Forecast,122.43692727742638
154,2020-05-07 11:00:00,TBATS Forecast,133.71846808386297
155,2020-05-07 12:00:00,TBATS Forecast,135.30295228522917
156,2020-05-07 13:00:00,TBATS Forecast,138.63049817327172
157,2020-05-07 14:00:00,TBATS Forecast,148.93350774056407
158,2020-05-07 15:00:00,TBATS Forecast,147.55817177658986
159,2020-05-07 16:00:00,TBATS Forecast,140.52208564125365
160,2020-05-07 17:00:00,TBATS Forecast,125.19028627481227
161,2020-05-07 18:00:00,TBATS Forecast,93.45342056472379
162,2020-05-07 19:00:00,TBATS Forecast,73.51507887754528
163,2020-05-07 20:00:00,TBATS Forecast,61.01178743322514
164,2020-05-07 21:00:00,TBATS Forecast,48.05032919487643
165,2020-05-07 22:00:00,TBATS Forecast,43.56923964871692
166,2020-05-07 23:00:00,TBATS Forecast,38.1505345200015
167,2020-05-08 00:00:00,TBATS Forecast,25.598366658333443
